{"cameraMode":{"drawMode":0,"name":"Shaded","section":"Shading Mode"},"sceneLighting":true,"audioPlay":false,"sceneViewState":{"m_AlwaysRefresh":false,"showFog":true,"showSkybox":true,"showFlares":true,"showImageEffects":true,"showParticleSystems":true,"showVisualEffectGraphs":true,"m_FxEnabled":true},"in2DMode":false,"pivot":{"x":449.8952331542969,"y":221.52960205078126,"z":-9.3873291015625},"rotation":{"x":0.04828188195824623,"y":-0.0194807481020689,"z":0.0009415497188456357,"w":0.9986460208892822},"size":309.06207275390627,"orthographic":false}